Category,Topic,Data Source,Characteristic,City of Toronto,Agincourt North,Agincourt South,Alderwood,Annex,Banbury-Don Mills,Bathurst Manor,Bay Street Corridor,Bayview Village,Bayview Woods-Steeles,Bedford Park-Nortown,Beechborough-Greenbrook,Bendale,Birchcliffe-Cliffside,Black Creek,Blake-Jones,Briar Hill-Belgravia,Bridle Path-Sunnybrook-York Mills,Broadview North,Brookhaven-Amesbury,Cabbagetown-South St. James Town,Caledonia-Fairbank,Casa Loma,Centennial Scarborough,Church-Yonge Corridor,Clairlea,Clanton Park,Cliffcrest,Corso Italia-Davenport,Danforth,Danforth East York,Don Valley Village,Dorset Park,Dovercourt-Wallace Emerson-Junction,Downsview-Roding-CFB,Dufferin Grove,East End-Danforth,Edenbridge-Humber Valley,Eglinton East,Elms-Old Rexdale,Englemount-Lawrence,Eringate-Centennial-West Deane,Etobicoke West Mall,Flemingdon Park,Forest Hill North,Forest Hill South,Glenfield-Jane Heights,Greenwood-Coxwell,Guildwood,Henry Farm,High Park North,High Park-Swansea,Highland Creek,Hillcrest Village,Humber Heights-Westmount,Humber Summit,Humbermede,Humewood-Cedarvale,Ionview,Islington-City Centre West,Junction Area,Keelesdale-Eglinton West,Kennedy Park,Kensington-Chinatown,Kingsview Village-The Westway,Kingsway South,Lambton Baby Point,L'Amoreaux,Lansing-Westgate,Lawrence Park North,Lawrence Park South,Leaside-Bennington,Little Portugal,Long Branch,Malvern,Maple Leaf,Markland Wood,Milliken,Mimico (includes Humber Bay Shores),Morningside,Moss Park,Mount Dennis,Mount Olive,Mount Pleasant East,Mount Pleasant West,New Toronto,Newtonbrook East,Newtonbrook West,Niagara,North Riverdale,St. James Town,Oakridge,Oakwood Village,O'Connor-Parkview,Old East York,Palmerston-Little Italy,Parkwoods-Donalda,Pelmo Park-Humberlea,Playter Estates-Danforth,Pleasant View,Princess-Rosethorn,Regent Park,Rexdale-Kipling,Rockcliffe-Smythe,Roncesvalles,Rosedale-Moore Park,Rouge,Runnymede-Bloor West Village,Rustic,Scarborough Village,South Parkdale,South Riverdale,St.Andrew-Windfields,Steeles,Stonegate-Queensway,Tam O'Shanter,Taylor-Massey,The Beaches,Thistletown,Thorncliffe Park,Trinity-Bellwoods,University,Victoria Village,Waterfront Communities-The Island,West Hill,West Humber-Clairville,Westminster-Branson,Weston,Weston-Pelham Park,Wexford,Willowdale East,Willowdale West,Willowridge-Martingrove-Richview,Woburn,Woodbine Corridor,Woodbine-Lumsden,Wychwood,Yonge-Eglinton,Yonge-St.Clair,York University,Yorkdale-Glen Park
Immigration and citizenship,Immigrants by selected place of birth,Census Profile 98-316-X2016001,Total - Selected places of birth for the immigrant population in private households - 25% sample data,1266005,19990,19990,3965,8275,13205,8015,10465,12625,7535,6810,3430,15865,6075,12705,2425,8560,3145,4795,9725,3775,5285,2885,4990,10935,13115,7480,5835,6095,2855,5570,17855,14690,14380,19520,4395,5930,5950,13000,4730,9780,8190,5805,14020,4975,2760,17795,4385,3135,9530,7665,6570,7010,11285,4645,7285,9435,4660,7790,19585,4550,6190,9465,7610,11430,1960,2410,28330,7075,3345,3170,3365,4840,3450,26905,5245,3895,18260,13440,9495,6475,7430,21505,4510,11300,3970,9940,15670,8995,2920,9480,7510,9960,6900,3020,4100,17210,4935,1800,9770,3365,5015,4975,11030,4390,5505,25580,2335,5105,8975,8920,8205,8835,17445,8635,16735,8705,4220,5455,13275,5805,2015,9190,23805,13340,19230,18150,8690,5370,13895,31040,9395,10040,30180,2930,2200,4355,3175,3585,15595,7270
Immigration and citizenship,Immigrants by selected place of birth,Census Profile 98-316-X2016001,  Americas,212010,1635,1415,450,1630,1335,920,1050,925,550,1120,1290,2215,970,4035,440,1620,345,715,3560,795,1250,740,850,1740,1615,770,880,1395,370,715,1495,2120,2550,5640,865,1065,1020,2965,1440,1875,1005,690,1065,825,595,6470,730,640,825,1210,1025,1895,755,850,1525,3160,1095,1405,2460,855,1535,1525,795,2000,300,505,2670,695,555,545,590,650,650,7120,965,440,1110,2165,2205,1205,3150,4940,870,1675,830,405,840,1680,585,1185,810,2775,1230,445,675,2910,1105,340,675,345,550,1505,3335,900,1150,6015,405,1640,2080,1575,1075,845,690,940,1775,870,920,1205,890,470,400,1425,3470,3865,5370,1085,3655,1290,1880,1800,530,2065,4570,660,490,960,580,695,3645,1510
Immigration and citizenship,Immigrants by selected place of birth,Census Profile 98-316-X2016001,    Brazil,7025,10,15,30,60,40,30,75,80,0,20,80,30,10,10,0,135,20,15,205,45,85,40,10,115,20,10,20,180,10,40,65,20,330,65,110,60,90,0,10,45,90,25,20,35,40,0,20,10,70,80,35,20,10,80,0,30,25,0,190,60,160,20,35,85,10,25,35,60,0,25,80,95,20,0,30,50,0,155,10,65,240,20,35,130,35,30,50,90,10,80,0,100,15,0,60,55,30,10,0,20,25,0,235,25,90,25,10,0,0,60,60,30,10,85,0,30,10,0,25,55,35,0,235,10,20,10,165,105,10,100,55,115,45,30,25,50,50,25,40,90
Immigration and citizenship,Immigrants by selected place of birth,Census Profile 98-316-X2016001,    Colombia,8715,15,10,15,40,100,120,60,100,50,60,10,0,45,80,0,170,15,50,185,15,25,50,10,90,60,60,15,80,20,45,205,20,115,320,45,0,190,35,70,95,105,35,105,75,30,155,0,10,65,85,55,10,90,95,85,150,35,0,180,30,35,10,35,100,10,20,40,40,25,10,10,30,15,70,45,20,0,135,0,90,135,55,25,160,30,55,30,165,20,90,0,165,40,50,30,335,35,10,35,20,30,40,10,50,80,30,0,40,20,45,20,70,0,30,30,10,15,75,110,10,10,165,215,10,75,70,85,55,110,180,50,85,70,0,0,45,45,50,170,105
Immigration and citizenship,Immigrants by selected place of birth,Census Profile 98-316-X2016001,    El Salvador,6955,10,30,20,10,10,35,10,20,10,35,30,80,45,195,0,35,0,10,195,30,85,0,10,20,50,20,15,85,0,20,25,65,85,465,0,20,35,35,130,75,45,10,10,20,20,465,20,10,25,20,0,15,30,40,85,175,20,50,85,25,85,65,35,105,0,0,95,0,10,0,10,10,35,115,70,10,10,65,10,40,185,190,20,10,0,0,20,60,0,15,10,110,0,0,35,15,95,0,45,0,30,175,340,20,10,35,10,135,25,40,35,20,0,20,50,0,10,50,0,10,15,50,55,80,170,45,115,85,95,30,0,75,65,10,0,10,10,10,160,45
Immigration and citizenship,Immigrants by selected place of birth,Census Profile 98-316-X2016001,    Guyana,34490,390,295,80,45,155,55,85,60,90,45,120,760,115,1235,20,125,30,55,295,50,80,20,270,135,295,80,215,45,25,90,150,650,195,395,45,125,25,910,145,115,75,85,185,25,10,1595,110,165,120,65,60,715,125,65,255,500,35,560,185,65,130,575,25,220,30,10,565,25,35,20,25,40,55,2430,25,25,340,170,635,160,270,1510,35,135,80,65,35,85,20,125,180,110,180,70,20,405,95,0,80,15,65,200,345,130,20,2030,40,160,580,220,130,70,165,30,370,135,65,215,110,30,0,235,225,1090,1895,85,245,100,475,115,60,235,1530,50,35,20,15,0,495,290
Immigration and citizenship,Immigrants by selected place of birth,Census Profile 98-316-X2016001,    Haiti,1850,0,20,0,0,0,0,10,0,0,0,0,10,20,25,0,0,10,0,10,10,0,0,0,10,10,0,10,0,0,10,15,20,0,50,0,0,0,95,0,10,0,0,0,0,0,60,10,20,0,0,0,10,0,0,0,60,0,15,30,0,0,10,20,10,0,10,25,0,0,0,0,0,0,125,0,10,0,0,35,10,10,170,10,0,20,0,0,0,10,10,0,0,0,0,0,25,0,10,0,0,10,0,15,0,0,20,10,10,195,0,10,0,0,15,10,20,0,30,10,10,0,25,10,180,45,0,0,0,10,0,0,10,55,0,10,0,10,0,35,0
Immigration and citizenship,Immigrants by selected place of birth,Census Profile 98-316-X2016001,    Jamaica,45075,500,395,45,175,220,140,85,140,100,90,450,420,195,1020,105,285,30,105,930,80,180,55,180,170,355,90,150,105,30,85,320,525,250,1410,60,160,125,730,420,315,140,135,190,115,60,1450,80,120,110,70,75,520,135,130,550,790,195,320,380,85,345,350,140,570,20,115,980,70,30,45,55,45,75,2105,195,50,335,235,760,220,920,1475,90,175,130,20,105,185,55,180,195,630,275,75,45,650,260,20,155,25,90,370,650,80,75,1925,40,590,550,230,140,140,180,100,540,170,50,275,135,25,15,295,400,1195,1440,290,1425,205,340,210,50,460,1240,75,70,210,30,50,1115,295
Immigration and citizenship,Immigrants by selected place of birth,Census Profile 98-316-X2016001,    Mexico,7225,15,10,25,60,50,50,85,40,15,55,0,30,30,70,10,95,10,55,95,65,95,65,15,135,15,10,20,95,20,50,50,10,170,180,65,45,65,10,15,60,0,25,60,45,25,140,10,55,10,145,65,10,20,10,45,45,85,0,145,95,25,20,20,50,0,15,45,35,35,35,20,40,20,40,30,30,0,160,65,90,90,80,30,160,35,30,50,120,20,100,20,180,0,10,25,110,65,10,10,35,0,70,155,40,60,30,40,15,35,55,75,70,0,80,20,30,65,65,55,10,30,20,245,80,50,40,110,75,75,125,40,50,20,25,10,25,35,45,85,50
Immigration and citizenship,Immigrants by selected place of birth,Census Profile 98-316-X2016001,    Peru,3870,40,15,0,60,0,20,35,45,35,30,10,10,0,45,0,35,0,20,50,35,15,10,0,65,20,10,10,70,20,0,50,10,70,120,20,30,20,10,50,45,15,0,20,25,0,155,10,0,0,45,60,10,45,35,20,70,20,0,85,45,35,10,10,20,10,20,25,15,10,0,20,20,0,25,30,10,30,105,0,0,55,10,30,55,0,10,30,50,10,45,0,100,45,0,0,50,0,0,0,20,30,45,130,20,40,60,10,30,10,40,0,15,10,20,20,10,20,25,0,0,10,10,135,25,45,30,80,40,0,40,30,30,0,10,35,35,10,10,55,25
Immigration and citizenship,Immigrants by selected place of birth,Census Profile 98-316-X2016001,    Trinidad and Tobago,19640,220,240,50,80,225,35,95,80,65,30,85,265,110,165,25,115,10,90,155,70,65,25,175,190,300,65,180,45,55,60,95,340,255,215,60,175,35,460,120,140,110,40,105,45,10,225,65,135,80,50,60,240,105,55,90,115,75,130,205,75,80,205,90,115,20,25,285,50,20,55,20,30,120,1075,65,25,175,170,220,95,160,355,90,140,185,40,125,170,45,130,145,170,205,60,75,265,20,45,125,30,40,145,185,120,50,890,10,80,245,230,100,65,120,85,240,110,50,130,100,40,10,150,400,490,590,40,155,105,235,175,45,200,605,50,90,85,40,25,200,95
Immigration and citizenship,Immigrants by selected place of birth,Census Profile 98-316-X2016001,    United States,24535,130,115,75,780,300,115,325,130,105,570,60,145,255,70,165,80,210,155,55,280,45,325,60,380,140,220,115,135,115,150,220,80,360,105,135,215,110,110,60,680,115,40,145,185,230,85,160,90,155,300,350,75,105,70,25,75,240,70,265,175,25,75,190,120,150,125,115,210,270,265,210,120,125,200,25,120,40,340,85,210,75,125,305,345,55,70,115,290,305,95,65,185,170,60,235,245,35,145,70,120,80,35,100,240,555,180,160,40,145,180,350,230,35,205,115,120,485,70,185,160,195,115,740,165,110,140,115,50,125,335,90,160,215,240,85,205,210,325,120,95
Immigration and citizenship,Immigrants by selected place of birth,Census Profile 98-316-X2016001,    Other places of birth in Americas,52630,325,285,110,295,230,335,205,245,80,220,425,480,190,1120,110,560,10,155,1365,130,550,145,130,430,350,210,150,545,75,160,300,375,705,2305,310,245,330,565,420,300,290,300,195,245,160,2155,260,40,200,355,235,275,105,275,375,1145,390,245,705,195,595,215,195,630,55,140,455,195,110,105,155,185,180,935,415,95,185,640,380,225,990,925,195,360,260,100,250,450,85,315,180,1015,275,125,160,770,440,80,140,45,150,425,1185,175,195,795,75,540,290,480,170,170,160,270,335,220,150,265,150,105,70,340,830,525,935,310,1160,480,400,460,130,590,710,170,135,275,135,160,1195,430
Immigration and citizenship,Immigrants by selected place of birth,Census Profile 98-316-X2016001,  Europe,298270,675,1075,2380,2895,3495,3160,1575,1650,1145,2085,1095,1885,2215,1580,580,3325,895,2435,2100,1290,2775,1175,1375,2685,2100,2295,1425,3630,1345,2620,2535,1255,6490,5420,2080,1615,3590,1255,975,2610,4505,2520,1750,1760,1095,3360,940,1185,910,4065,3730,910,1320,2800,1965,1380,1410,915,8325,1855,3045,1125,860,2870,1095,1280,2385,1785,1295,1225,1435,2410,1855,1060,2185,2725,245,5990,955,1325,1395,1400,1830,3775,1660,1275,4035,2695,1085,1065,590,3655,2245,1445,2115,3755,1980,840,2085,1805,395,1340,4195,1815,2205,1685,1335,1720,965,1835,1390,1660,755,5520,1620,1205,2240,1140,1285,2770,600,1830,5390,2025,1795,7105,1730,2545,2890,3035,2020,3915,2890,920,720,1935,1065,1420,2925,3090
Immigration and citizenship,Immigrants by selected place of birth,Census Profile 98-316-X2016001,    Bosnia and Herzegovina,5125,0,0,65,45,120,60,20,25,10,0,10,20,35,0,0,185,10,205,0,10,0,45,10,70,25,20,0,10,20,50,40,30,20,30,15,50,90,0,10,30,300,160,30,55,10,0,30,0,0,95,115,0,15,45,0,0,0,0,490,20,0,10,20,20,20,25,35,15,20,25,25,10,35,10,0,220,0,150,0,30,20,25,100,135,25,10,10,60,10,25,0,10,65,50,10,90,30,0,25,20,0,40,30,0,20,0,0,0,20,20,10,60,0,130,45,60,20,20,20,20,0,55,115,0,40,25,10,0,30,45,30,60,0,0,10,25,20,10,10,10
Immigration and citizenship,Immigrants by selected place of birth,Census Profile 98-316-X2016001,    Croatia,4675,10,0,105,40,50,20,20,25,15,20,0,15,20,10,10,15,30,65,0,15,10,10,15,50,0,25,10,0,20,25,40,20,20,50,50,15,115,35,25,50,145,75,0,10,25,20,10,25,10,60,90,10,10,75,10,10,10,10,310,35,10,30,0,110,25,15,20,30,35,0,20,0,40,10,25,155,0,100,0,35,20,20,25,75,40,40,20,20,20,45,10,30,35,35,0,30,10,20,20,65,0,190,105,50,10,10,80,10,10,70,10,40,0,140,0,25,35,55,10,10,0,25,110,30,70,0,55,25,35,45,35,100,65,0,20,30,15,30,30,20
Immigration and citizenship,Immigrants by selected place of birth,Census Profile 98-316-X2016001,    France,4585,0,0,15,145,25,30,60,35,25,40,0,40,25,10,50,50,40,10,25,55,45,30,10,140,0,35,20,30,30,55,40,0,105,60,35,30,30,20,0,25,15,0,20,20,50,20,20,15,30,65,55,0,25,0,20,0,30,10,95,20,20,20,50,35,10,20,20,35,35,65,45,40,25,30,25,20,10,55,10,55,15,25,45,80,10,0,40,70,25,50,10,60,0,10,75,55,20,15,0,20,25,15,15,30,100,25,30,10,20,45,45,45,20,50,25,10,85,0,20,80,25,10,230,30,30,20,40,30,35,55,30,10,35,40,10,50,45,30,35,0
Immigration and citizenship,Immigrants by selected place of birth,Census Profile 98-316-X2016001,    Germany,11090,35,65,95,235,200,55,85,65,75,160,0,80,150,10,15,15,85,55,45,85,0,55,70,155,50,80,100,50,25,40,80,55,60,70,45,80,145,115,25,95,155,95,65,70,105,25,40,150,35,235,230,50,85,65,15,40,45,60,250,75,10,0,35,75,60,45,140,35,70,90,80,50,70,90,20,75,15,235,80,45,30,85,60,180,45,55,80,105,40,30,35,55,70,30,60,145,30,65,50,85,10,55,80,85,145,160,55,30,80,50,90,105,50,160,50,45,195,75,50,50,10,50,250,135,120,125,40,10,100,155,95,130,220,75,35,100,35,95,65,10
Immigration and citizenship,Immigrants by selected place of birth,Census Profile 98-316-X2016001,    Greece,19240,100,200,20,150,170,190,50,60,45,80,0,485,125,35,180,110,40,775,55,15,50,10,55,35,430,220,160,40,350,1035,200,355,250,90,20,110,45,270,20,80,105,45,370,35,25,85,105,60,60,60,60,85,85,25,15,45,140,230,155,130,55,240,20,75,15,25,545,80,115,50,90,10,10,45,30,55,40,50,60,40,45,115,80,65,55,110,100,20,185,20,80,410,555,550,105,295,45,285,725,50,15,55,160,35,75,50,60,20,100,10,75,60,275,40,340,70,55,40,215,10,10,520,165,145,60,40,15,95,850,90,90,145,410,80,80,300,35,15,60,95
Immigration and citizenship,Immigrants by selected place of birth,Census Profile 98-316-X2016001,    Hungary,7855,10,20,30,100,115,110,45,105,80,95,10,15,40,110,0,85,25,10,40,40,35,105,25,50,65,150,10,0,0,40,85,20,100,95,45,55,60,25,40,210,135,50,35,125,80,40,20,30,40,115,50,30,65,45,0,65,105,0,120,30,20,20,20,155,40,70,90,70,40,20,50,10,45,30,10,50,0,100,20,35,25,20,65,95,25,65,100,10,0,45,10,70,260,0,20,125,25,20,50,20,0,25,55,125,135,25,10,30,20,125,30,95,0,120,55,10,45,20,45,0,10,30,100,120,50,155,175,30,75,90,80,85,65,30,20,75,65,60,95,75
Immigration and citizenship,Immigrants by selected place of birth,Census Profile 98-316-X2016001,    Ireland,4625,10,0,20,80,40,0,40,35,0,50,20,25,145,0,10,10,0,50,20,15,15,40,25,100,65,10,30,0,30,60,25,0,55,10,25,75,30,10,10,10,65,10,0,20,10,15,45,45,10,90,110,20,20,0,0,0,20,10,120,45,10,10,30,20,30,30,20,20,55,55,50,25,10,10,10,30,0,75,45,50,0,20,55,170,55,30,0,105,40,10,10,25,20,80,55,45,0,25,0,20,15,20,0,20,75,10,10,10,10,55,85,20,0,75,20,0,125,0,15,20,20,30,275,65,20,0,20,0,10,30,10,30,20,20,10,25,45,65,20,10
Immigration and citizenship,Immigrants by selected place of birth,Census Profile 98-316-X2016001,    Italy,45515,65,300,370,310,95,485,80,65,70,225,300,175,165,845,35,625,70,30,715,20,520,30,135,105,295,510,145,1195,390,315,35,110,710,3470,150,105,595,150,390,360,470,155,20,65,35,2475,95,55,30,100,105,265,35,705,1615,760,165,115,640,105,535,145,25,900,115,15,510,75,40,85,65,105,45,65,1460,130,30,370,115,30,125,600,40,135,50,235,450,80,70,35,105,1140,120,75,455,150,935,45,500,180,10,285,485,35,100,145,75,1070,150,40,35,75,225,460,235,45,65,430,25,230,60,140,170,305,630,125,345,405,375,195,190,1070,305,70,60,360,55,55,1545,1695
Immigration and citizenship,Immigrants by selected place of birth,Census Profile 98-316-X2016001,    Netherlands,2690,0,0,20,50,65,0,25,20,10,10,10,25,40,10,10,0,0,0,0,35,0,20,15,60,0,20,45,0,10,25,30,10,40,20,10,30,45,0,0,20,20,0,20,10,30,10,10,25,20,25,40,0,20,10,10,0,25,10,70,10,10,35,0,0,35,35,10,25,30,20,45,10,25,40,0,45,10,40,25,30,0,0,55,60,10,0,40,35,30,20,0,10,25,20,10,55,0,20,10,30,10,10,30,10,35,20,30,0,20,0,20,10,10,35,35,10,60,10,10,35,0,0,30,20,10,10,25,0,10,45,35,30,20,0,20,25,20,15,0,0
Immigration and citizenship,Immigrants by selected place of birth,Census Profile 98-316-X2016001,    Poland,21365,10,35,485,145,200,210,115,90,45,170,30,130,50,85,30,80,10,40,140,50,0,50,135,190,110,155,140,35,30,55,115,45,170,155,75,70,420,70,150,220,595,330,50,55,65,105,30,70,40,725,730,55,55,310,15,40,95,45,1270,140,70,0,90,340,130,215,95,105,35,65,30,70,520,105,35,350,0,1190,75,110,105,105,120,175,535,70,105,250,35,75,10,90,45,20,55,180,95,25,45,250,30,75,260,455,90,140,175,10,115,505,85,80,20,1120,35,35,105,145,45,70,55,50,350,205,130,280,60,35,115,135,100,410,180,40,35,25,85,45,90,55
Immigration and citizenship,Immigrants by selected place of birth,Census Profile 98-316-X2016001,    Portugal,38575,55,10,250,165,65,130,55,10,30,30,615,75,85,130,40,835,10,20,805,40,1895,40,50,55,95,75,40,1975,25,80,45,15,4060,740,1235,50,200,40,110,245,370,155,25,40,10,245,25,25,30,135,135,25,10,300,110,115,110,20,660,490,2170,60,125,240,10,110,50,20,15,20,25,1740,80,65,450,75,10,470,20,65,575,80,50,40,115,35,55,455,30,35,40,1185,85,20,825,105,365,0,60,125,10,95,2110,335,35,75,90,390,55,145,145,45,0,375,30,50,35,70,20,1865,210,25,200,70,115,55,495,1735,95,30,30,330,90,10,25,480,20,35,195,740
Immigration and citizenship,Immigrants by selected place of birth,Census Profile 98-316-X2016001,    Romania,12875,10,30,60,105,415,135,85,360,140,65,15,90,90,40,0,120,45,55,10,40,10,95,100,110,105,115,30,0,15,50,545,75,40,125,25,90,130,75,0,200,125,60,130,235,45,20,25,65,135,150,100,20,290,100,30,45,55,30,265,45,0,45,30,70,30,60,135,195,50,35,65,25,25,55,10,65,15,180,65,60,35,10,85,335,25,70,225,135,35,50,10,50,85,30,25,830,30,0,135,135,0,95,55,10,125,100,15,30,35,50,30,275,10,130,150,210,35,25,110,20,20,105,305,65,30,340,25,0,215,250,105,105,125,35,0,40,20,130,55,50
Immigration and citizenship,Immigrants by selected place of birth,Census Profile 98-316-X2016001,    Russian Federation,16225,0,30,35,145,135,640,170,105,100,175,10,60,80,65,20,165,90,55,35,80,20,65,70,335,45,250,40,25,35,35,265,30,75,60,35,30,105,45,0,245,140,110,100,230,90,20,20,10,135,360,210,0,115,100,10,20,95,10,350,80,10,10,50,65,20,60,55,320,55,110,45,35,115,10,10,35,10,340,10,140,30,35,95,430,90,90,1020,190,25,185,20,75,65,30,20,155,20,20,55,50,30,20,35,50,100,10,30,20,15,35,30,130,20,275,35,55,90,20,75,30,10,90,590,20,25,2415,40,40,70,630,355,50,75,35,20,40,30,85,185,35
Immigration and citizenship,Immigrants by selected place of birth,Census Profile 98-316-X2016001,    Serbia,8525,0,25,35,65,260,65,40,40,20,35,0,50,10,10,10,85,30,120,50,35,10,30,45,85,10,45,0,20,20,75,105,20,30,0,15,25,170,40,10,50,395,250,90,70,50,50,0,25,20,240,300,10,45,75,0,10,25,25,555,55,0,60,10,20,40,35,30,30,55,50,55,15,70,0,0,415,10,125,45,55,0,10,100,285,25,55,115,60,45,65,10,10,65,70,10,150,20,35,60,70,10,40,45,45,65,25,40,10,20,70,30,75,0,335,40,30,30,15,60,20,0,60,275,35,10,100,10,15,50,70,60,75,95,15,25,25,65,70,30,20
Immigration and citizenship,Immigrants by selected place of birth,Census Profile 98-316-X2016001,    Ukraine,15780,0,20,245,90,50,535,70,85,50,115,15,20,60,40,0,150,55,30,10,50,0,50,20,180,10,185,35,10,10,25,120,10,90,45,35,20,475,0,30,185,560,375,60,105,55,40,35,30,55,400,275,0,75,425,15,10,40,0,1105,95,0,0,10,140,80,180,20,210,40,70,15,10,255,0,20,270,0,740,0,80,55,25,45,205,180,100,785,100,0,50,0,55,0,0,45,110,45,0,0,125,30,60,110,50,35,20,80,10,10,65,75,70,0,860,10,30,30,30,15,20,15,35,290,30,20,1780,10,15,20,180,170,230,35,10,10,30,25,40,105,15
Immigration and citizenship,Immigrants by selected place of birth,Census Profile 98-316-X2016001,    United Kingdom,40295,210,200,200,655,685,100,420,250,245,455,0,320,845,85,125,125,270,205,95,505,45,360,405,565,340,105,370,95,225,355,275,180,445,185,170,640,295,165,65,190,360,175,210,150,220,80,345,400,115,550,565,190,180,160,70,110,245,115,725,250,60,225,180,195,295,170,305,225,385,300,595,140,260,350,35,270,80,830,245,320,95,105,555,840,230,180,150,595,365,180,125,195,320,235,210,625,115,190,175,265,115,125,195,325,770,580,180,35,140,240,485,250,90,570,335,145,995,95,195,225,110,250,1330,465,220,140,165,70,360,425,265,320,580,355,180,160,305,425,120,55
Immigration and citizenship,Immigrants by selected place of birth,Census Profile 98-316-X2016001,    Other places of birth in Europe,39230,135,135,335,355,790,390,220,250,140,335,50,260,240,85,40,680,85,695,55,220,125,100,175,415,410,300,205,125,130,330,495,285,225,255,105,170,655,215,90,395,535,490,550,440,170,105,80,155,145,685,550,155,210,390,20,90,210,220,1185,295,50,210,130,410,130,160,360,300,225,200,135,95,235,200,85,460,30,935,130,145,220,125,250,510,195,150,730,400,135,135,100,235,415,180,150,585,200,95,170,295,65,155,405,145,320,270,375,45,150,285,125,210,55,655,185,370,245,100,360,95,40,355,660,290,245,1455,205,40,465,565,345,765,535,105,145,160,215,195,295,195
Immigration and citizenship,Immigrants by selected place of birth,Census Profile 98-316-X2016001,  Africa,77445,445,350,100,620,1070,260,620,375,265,445,340,665,275,1655,275,250,165,195,1065,185,100,230,200,795,900,390,165,140,120,115,980,580,655,955,160,400,290,930,865,705,405,225,1675,255,150,1555,280,130,520,330,315,190,330,430,275,780,320,545,1350,165,150,730,320,2575,70,205,1370,315,110,195,165,265,105,1205,145,90,235,700,510,1270,1045,2570,240,670,405,220,330,675,90,1085,960,565,495,30,140,1335,290,90,340,150,665,380,845,150,375,925,115,940,625,745,325,500,675,225,720,880,200,460,1070,110,80,1110,1775,1150,1610,610,1490,380,650,1005,195,1020,1210,215,70,205,130,250,1095,285
Immigration and citizenship,Immigrants by selected place of birth,Census Profile 98-316-X2016001,    Algeria,770,0,10,0,0,10,10,0,10,0,10,0,10,0,0,10,0,0,0,10,0,0,10,0,20,10,0,0,10,0,0,0,25,25,20,25,30,0,10,0,0,10,0,20,0,0,0,0,0,25,10,10,0,0,0,0,0,0,20,10,0,0,10,0,0,0,0,10,0,0,20,0,10,0,25,0,0,0,10,10,10,0,0,0,10,0,0,0,0,0,0,0,0,20,0,0,25,0,0,10,0,10,0,20,0,0,10,0,0,0,10,0,0,0,20,0,0,0,10,85,0,10,10,30,10,15,0,10,0,0,0,0,0,0,0,0,0,0,10,0,0
Immigration and citizenship,Immigrants by selected place of birth,Census Profile 98-316-X2016001,    Egypt,6625,115,50,10,75,225,50,210,105,65,55,10,85,25,40,0,30,35,25,15,35,0,25,20,80,35,40,20,0,0,10,250,125,10,20,0,20,25,10,10,10,70,0,50,25,10,0,20,0,215,40,55,25,60,25,0,25,35,40,110,10,0,10,15,45,0,0,290,45,10,40,20,10,10,75,0,10,30,100,10,40,10,40,25,100,10,40,60,95,20,65,50,70,10,0,30,300,0,10,110,0,40,30,40,10,60,55,30,10,40,20,40,115,165,25,155,30,15,10,60,0,0,50,225,10,25,85,10,10,95,370,50,40,100,15,10,0,10,65,35,0
Immigration and citizenship,Immigrants by selected place of birth,Census Profile 98-316-X2016001,    Ethiopia,9080,0,20,10,70,35,20,50,10,0,20,20,105,50,20,50,30,0,30,130,0,20,20,50,115,305,10,20,20,50,25,25,95,165,85,20,85,40,255,70,140,10,0,250,10,0,105,85,20,10,80,20,20,10,85,0,40,15,110,95,10,0,245,70,125,0,25,90,15,0,10,0,10,10,160,10,0,10,70,60,375,75,110,10,50,55,10,0,85,0,445,305,160,60,0,20,60,20,15,15,0,145,30,150,10,45,135,10,105,180,315,15,20,0,10,30,245,0,10,115,10,25,100,230,220,50,35,155,95,115,25,10,35,205,60,10,65,0,15,20,70
Immigration and citizenship,Immigrants by selected place of birth,Census Profile 98-316-X2016001,    Kenya,4880,65,55,10,20,150,10,20,10,50,30,30,90,20,55,10,0,30,10,30,15,10,0,45,75,15,10,10,10,0,20,95,0,30,15,10,25,0,30,20,45,50,20,170,25,0,35,30,10,30,10,15,30,50,0,10,10,20,20,105,10,0,40,10,255,15,20,110,20,25,10,55,0,10,140,20,20,35,40,15,45,25,130,35,30,35,20,20,75,20,15,10,35,10,0,0,95,20,0,35,0,15,25,35,10,35,45,0,90,40,10,10,40,70,20,75,55,30,20,130,20,10,100,150,50,65,20,55,0,35,45,15,20,65,10,10,10,10,0,85,10
Immigration and citizenship,Immigrants by selected place of birth,Census Profile 98-316-X2016001,    Morocco,1850,10,0,0,40,35,50,0,10,0,55,0,10,0,10,0,10,20,20,0,10,10,10,0,25,25,80,0,20,0,0,40,15,15,20,10,15,0,0,0,45,0,10,50,35,30,15,10,0,0,0,10,0,15,0,0,0,15,30,20,0,0,10,35,30,0,0,0,25,10,0,10,10,10,20,0,0,0,10,0,10,0,10,20,45,10,10,65,20,10,50,10,10,20,0,10,40,0,0,0,10,15,15,10,0,30,0,10,0,10,10,0,20,0,10,0,25,0,0,25,10,0,10,15,0,20,185,10,0,15,60,0,10,35,0,10,0,0,10,10,0
Immigration and citizenship,Immigrants by selected place of birth,Census Profile 98-316-X2016001,    Nigeria,7605,15,10,0,20,30,10,75,10,0,0,70,10,30,415,20,10,10,0,140,15,0,10,20,50,30,30,20,10,10,10,60,30,40,215,0,20,25,30,170,65,10,40,40,15,0,475,0,0,35,10,30,20,10,25,65,260,10,0,120,10,0,55,10,230,0,35,85,0,0,0,10,20,0,175,55,0,0,110,135,35,220,725,0,40,40,10,10,55,0,15,50,20,40,0,0,40,35,0,0,0,25,75,30,10,10,50,10,45,80,0,20,30,10,0,30,45,0,65,10,10,10,0,175,170,305,30,255,10,20,25,10,245,165,10,0,10,10,0,420,50
Immigration and citizenship,Immigrants by selected place of birth,Census Profile 98-316-X2016001,    Somalia,9025,10,45,10,10,10,10,35,10,0,10,75,15,0,305,45,0,0,15,185,0,0,10,10,65,50,20,20,0,0,0,20,25,50,110,0,0,70,60,395,125,135,70,135,0,0,140,10,0,25,0,30,0,25,135,50,40,0,40,345,0,10,110,55,1265,0,35,95,10,0,0,0,10,10,100,0,0,0,40,10,245,275,435,0,10,50,0,0,20,0,90,65,10,35,0,0,115,45,0,10,25,120,70,230,10,10,45,0,350,40,10,55,15,10,0,70,35,0,60,15,0,0,30,95,100,270,10,545,50,25,25,0,175,130,10,0,10,0,0,65,25
Immigration and citizenship,Immigrants by selected place of birth,Census Profile 98-316-X2016001,    South Africa; Republic of,5560,30,10,0,180,80,45,75,65,40,190,0,40,30,0,20,40,55,20,0,40,10,95,10,75,35,120,20,20,0,10,100,35,85,10,10,65,25,20,0,100,30,35,20,95,60,10,20,30,15,55,45,0,30,0,10,10,75,0,85,0,25,0,30,10,30,10,40,90,60,75,45,30,15,40,0,20,10,70,35,55,10,0,85,160,25,40,55,100,35,30,10,10,10,20,35,100,15,15,40,50,10,10,20,10,140,105,50,10,20,35,45,125,20,30,35,10,100,10,40,50,10,20,230,25,10,60,10,0,10,115,45,10,60,10,10,35,35,95,10,0
Immigration and citizenship,Immigrants by selected place of birth,Census Profile 98-316-X2016001,    Other places of birth in Africa,32055,210,155,55,230,485,75,155,140,100,85,135,295,105,830,115,135,35,75,560,80,60,50,55,325,385,90,70,75,30,40,385,230,300,485,85,100,115,470,200,200,75,55,930,60,45,770,125,55,170,130,85,90,130,150,150,395,145,290,470,100,110,260,80,635,35,85,615,120,10,35,40,175,30,505,50,35,155,240,225,440,430,1105,75,260,180,115,100,220,20,375,465,255,290,25,40,550,165,35,125,55,285,115,340,85,55,475,10,340,215,330,150,130,405,125,320,440,40,275,580,25,30,790,650,570,840,180,435,200,335,365,60,510,480,105,30,70,55,55,435,125
Immigration and citizenship,Immigrants by selected place of birth,Census Profile 98-316-X2016001,  Asia,674490,17220,12240,1035,3045,7255,3680,7180,9635,5570,3135,695,11060,2590,5425,1105,3350,1715,1430,3000,1480,1155,715,2555,5640,8495,3995,3330,910,970,2100,12845,10705,4605,7485,1285,2805,1025,7845,1450,4595,2260,2360,9505,2130,895,6370,2420,1165,7255,1995,1425,4000,8860,560,3510,4100,1800,4915,7415,1640,1450,6080,5615,3935,420,415,21875,4260,1335,1145,1105,1485,825,17440,1940,625,16660,4515,5800,2620,1835,12570,1535,5130,1045,8045,10460,3875,1100,6125,5145,2955,2925,1070,1150,9175,1545,495,6655,1025,3385,1745,2630,1475,1710,16890,440,810,5290,4715,5320,5825,15300,1915,12575,5740,805,2655,10035,2410,910,4800,13015,6265,10395,9340,1815,1125,8450,25150,6625,3035,21405,1100,900,1225,1390,1195,7890,2380
Immigration and citizenship,Immigrants by selected place of birth,Census Profile 98-316-X2016001,    Afghanistan,12740,40,150,0,25,35,15,20,85,20,0,0,435,40,55,50,0,0,35,85,10,0,0,20,40,145,20,75,0,10,15,360,395,25,140,10,20,10,320,160,70,25,80,1115,35,10,200,40,25,370,10,0,35,60,25,80,45,10,70,120,0,0,85,40,280,0,10,160,10,0,0,0,10,0,295,0,0,50,15,175,25,25,325,0,30,0,65,80,10,0,45,290,10,230,10,0,420,25,0,55,20,25,100,35,0,0,315,0,10,340,55,25,10,55,20,115,110,0,55,1160,0,0,280,50,270,175,90,80,0,195,50,30,50,740,0,0,0,0,20,215,20
Immigration and citizenship,Immigrants by selected place of birth,Census Profile 98-316-X2016001,    Bangladesh,25100,35,145,0,55,75,45,100,20,0,0,0,545,610,10,20,10,0,45,85,30,20,15,240,85,1990,15,1000,10,10,35,165,445,200,85,100,470,0,400,95,0,40,55,580,15,0,60,40,145,225,10,15,165,40,25,120,10,20,270,240,20,10,1135,45,190,0,0,120,25,10,0,15,0,15,510,25,0,20,60,285,190,75,215,15,85,10,50,30,35,10,235,2470,20,240,10,0,515,35,0,50,0,840,75,100,30,30,385,0,10,870,75,120,80,25,10,100,2560,20,60,385,0,10,155,145,910,170,10,40,65,205,165,30,75,920,30,60,0,0,45,195,30
Immigration and citizenship,Immigrants by selected place of birth,Census Profile 98-316-X2016001,    China,131480,8630,5920,110,620,1910,305,2180,2360,1945,365,20,1680,380,90,485,105,515,205,125,360,60,130,225,1080,1105,205,345,180,315,555,3570,1275,1215,170,310,425,125,380,40,170,305,150,655,120,180,160,890,115,1315,250,260,260,4325,0,50,95,80,235,790,320,25,420,2990,185,60,60,9430,540,235,230,185,585,75,1370,25,45,9410,710,365,360,70,70,245,625,125,1935,965,735,495,390,395,360,260,215,460,1180,35,155,3255,250,645,25,115,220,315,595,65,0,205,545,2620,1665,9230,190,4670,255,110,45,150,1645,330,350,3090,280,140,340,85,65,1075,6760,1390,235,1545,365,210,330,260,170,555,275
Immigration and citizenship,Immigrants by selected place of birth,Census Profile 98-316-X2016001,    Hong Kong,38825,2450,1255,10,230,870,25,485,1270,920,160,0,635,105,20,60,25,270,45,35,45,25,45,110,465,165,55,105,55,70,205,990,390,140,20,45,135,35,85,20,35,105,40,135,25,70,20,160,45,380,75,65,205,1460,0,10,0,45,45,195,55,25,225,395,30,25,10,1575,245,120,35,140,60,20,700,0,45,3050,200,145,220,25,30,125,185,30,905,250,310,95,65,65,50,45,55,75,345,10,40,495,55,50,10,10,45,180,460,25,0,85,60,325,720,3050,60,1325,130,45,0,90,140,60,95,1190,70,40,125,0,10,125,2875,415,60,640,80,90,45,110,90,35,30
Immigration and citizenship,Immigrants by selected place of birth,Census Profile 98-316-X2016001,India,79225,945,980,230,210,690,205,540,450,195,125,80,1760,165,190,125,100,70,115,220,125,75,80,450,750,515,160,280,70,250,200,985,1325,380,430,115,200,135,985,145,130,365,275,1740,50,65,410,240,135,1165,300,170,835,560,100,1140,1015,45,665,1250,155,285,350,130,770,50,45,1360,345,65,95,100,70,80,3380,500,50,780,920,875,220,85,4815,150,670,140,270,380,515,85,705,370,160,185,40,55,590,165,60,410,170,150,375,175,310,205,2940,30,70,740,1130,240,260,430,425,1075,685,80,1100,1250,55,80,450,1975,705,6525,210,90,100,625,1175,315,705,6680,115,65,60,135,185,770,215
Immigration and citizenship,Immigrants by selected place of birth,Census Profile 98-316-X2016001,    Iran,36440,35,90,0,350,730,190,530,2290,1000,325,0,110,60,40,30,50,350,90,10,40,15,80,45,455,100,135,45,95,40,40,1930,90,130,95,20,115,60,60,0,75,60,0,285,90,105,10,35,25,760,200,100,20,690,20,10,10,50,25,195,20,10,35,100,50,35,40,400,915,200,225,110,45,55,80,10,40,10,310,15,175,30,40,210,1115,20,2170,1780,310,40,255,85,50,85,45,55,860,0,20,355,25,100,10,40,35,185,65,35,10,100,65,70,1075,95,65,125,65,55,15,40,50,35,240,1185,45,45,545,25,25,210,6225,1675,45,140,40,15,40,200,170,150,25
Immigration and citizenship,Immigrants by selected place of birth,Census Profile 98-316-X2016001,    Iraq,11135,70,75,0,35,55,55,40,65,0,10,10,50,20,1255,0,0,0,10,10,0,0,10,25,40,10,25,35,0,0,20,200,60,10,160,0,15,0,10,20,0,30,45,40,0,10,325,0,0,360,35,30,15,20,25,365,125,0,35,140,0,10,40,10,80,0,0,495,10,10,0,10,10,0,45,20,0,20,35,15,20,0,3535,0,0,10,20,45,55,0,45,25,15,10,10,30,130,40,0,60,10,15,70,0,10,0,55,0,0,25,35,30,30,40,0,230,0,10,425,10,10,0,220,130,0,150,105,30,15,115,95,20,45,180,10,0,10,10,10,110,10
Immigration and citizenship,Immigrants by selected place of birth,Census Profile 98-316-X2016001,    Japan,3985,45,25,10,90,25,10,90,55,35,10,0,35,35,10,10,25,15,30,20,10,0,30,15,115,35,15,25,0,15,80,60,0,70,20,10,45,0,25,0,10,10,10,20,10,10,10,15,15,40,45,70,10,40,0,0,10,60,0,40,35,10,60,65,0,0,0,40,40,15,10,10,10,10,20,0,0,30,60,25,40,20,10,45,130,25,25,25,50,35,20,20,10,10,15,20,40,0,30,25,40,15,0,30,10,50,10,25,0,10,50,50,60,20,30,85,35,40,0,30,0,30,0,170,15,20,10,20,10,10,205,35,20,30,25,25,20,35,30,10,20
Immigration and citizenship,Immigrants by selected place of birth,Census Profile 98-316-X2016001,    Korea; South,26830,65,65,40,365,385,170,830,1070,470,115,10,160,35,35,15,90,155,45,20,60,0,40,20,370,55,100,35,65,15,60,510,20,220,85,65,95,150,30,90,90,285,195,155,80,20,10,50,45,230,200,155,75,420,90,40,65,85,15,1195,30,0,30,185,170,70,30,120,580,175,35,120,75,10,60,20,170,10,395,55,125,135,45,125,445,50,1355,1530,245,10,200,20,70,55,35,85,355,25,20,145,120,10,20,30,35,130,45,25,0,20,55,85,590,90,125,200,75,45,15,60,35,85,95,730,45,45,665,45,0,130,3510,1485,290,165,20,30,75,120,70,265,35
Immigration and citizenship,Immigrants by selected place of birth,Census Profile 98-316-X2016001,    Lebanon,6010,20,50,35,20,120,40,65,55,30,20,25,30,15,25,0,10,25,10,20,0,0,15,45,110,10,15,10,20,0,45,190,300,20,70,10,15,25,20,0,10,45,80,40,20,10,35,0,10,85,20,0,10,60,10,0,0,10,65,85,0,0,50,10,70,10,0,565,35,20,30,10,0,20,40,20,15,10,75,45,25,0,55,40,75,10,60,20,45,0,25,20,10,20,15,10,255,0,0,65,0,10,10,10,20,65,30,20,10,10,10,10,75,90,15,165,10,10,30,15,10,10,225,215,10,30,25,10,0,335,225,15,10,65,0,0,10,55,10,150,10
Immigration and citizenship,Immigrants by selected place of birth,Census Profile 98-316-X2016001,    Pakistan,34750,295,435,15,135,365,45,365,105,70,40,10,820,75,95,40,15,40,85,80,40,0,10,100,200,875,25,95,20,60,160,310,705,240,85,60,320,40,275,110,15,175,240,1360,15,10,100,210,45,425,70,25,285,95,15,975,790,40,240,335,15,45,345,155,875,0,15,530,85,0,35,10,30,30,1540,0,45,160,120,395,95,20,900,10,115,10,105,100,115,10,215,280,35,375,35,10,540,95,25,115,10,255,230,155,35,50,775,15,0,565,100,85,95,165,30,725,640,30,285,4440,10,10,645,600,370,505,90,60,20,585,295,50,540,1550,95,35,10,15,30,505,20
Immigration and citizenship,Immigrants by selected place of birth,Census Profile 98-316-X2016001,    Philippines,118775,1180,1030,420,175,850,1565,345,630,140,1410,330,2175,645,740,50,2460,20,440,1025,395,715,50,535,585,2410,2575,555,250,50,315,1765,2690,425,3565,125,495,160,2405,410,3180,300,545,1810,1265,200,1155,190,390,1025,245,165,590,245,125,285,675,1155,1915,1360,395,615,2050,340,540,65,110,2020,830,165,195,135,100,310,3660,965,75,885,770,1510,375,645,645,280,815,320,420,3620,520,65,2230,555,1500,835,295,70,1920,360,40,520,45,240,455,640,185,140,2830,100,265,825,1155,370,325,480,340,1675,470,115,220,1260,75,100,1020,1005,1935,1265,4870,475,220,2610,720,195,410,3150,130,210,285,175,145,2080,900
Immigration and citizenship,Immigrants by selected place of birth,Census Profile 98-316-X2016001,Sri Lanka,52900,2210,1070,25,30,165,50,55,175,85,20,40,1795,85,440,35,65,20,55,230,40,25,10,510,140,390,25,415,10,15,25,250,2190,210,105,40,40,10,2070,85,30,155,150,635,10,10,235,45,55,155,10,30,1165,180,10,95,180,30,810,140,15,60,820,25,205,0,0,2620,35,25,25,10,10,10,4860,85,0,1150,45,1570,125,55,945,25,55,10,0,80,95,10,575,230,30,195,20,10,475,100,0,195,70,410,90,35,125,20,7385,15,125,1155,225,10,105,270,70,1015,150,25,120,220,10,0,300,195,875,585,35,240,15,960,155,55,200,4405,0,0,10,10,45,875,65
Immigration and citizenship,Immigrants by selected place of birth,Census Profile 98-316-X2016001,    Syria,5575,10,40,0,20,60,40,30,20,25,0,0,20,0,100,10,10,0,25,10,15,0,25,20,20,10,0,10,0,0,0,310,130,15,20,10,30,20,55,10,10,20,10,60,20,10,10,0,0,75,25,10,0,25,0,0,40,10,45,135,0,10,20,30,35,0,10,590,10,10,10,10,0,10,65,0,20,10,15,40,30,10,230,10,35,0,20,15,35,0,25,10,0,35,0,0,435,25,0,190,20,15,0,10,0,10,80,0,10,50,20,0,25,60,0,210,30,0,50,170,10,0,380,80,25,10,40,45,0,345,80,25,10,115,0,0,0,10,10,15,10
Immigration and citizenship,Immigrants by selected place of birth,Census Profile 98-316-X2016001,    Taiwan,7695,115,140,0,120,135,0,515,235,150,40,0,85,10,10,30,10,35,0,10,20,0,25,30,230,20,30,20,0,10,30,245,70,30,0,10,30,10,15,10,20,40,25,10,0,0,0,30,0,70,10,15,10,205,25,0,0,0,10,85,25,0,10,110,20,10,10,130,120,40,30,20,20,0,50,0,20,150,10,40,20,10,0,0,35,0,245,160,40,10,0,10,20,45,30,35,130,0,0,140,20,20,0,0,10,30,15,10,0,10,20,40,185,300,30,115,15,30,0,10,65,20,20,330,20,30,10,10,0,40,1065,190,25,110,0,20,10,40,35,10,20
Immigration and citizenship,Immigrants by selected place of birth,Census Profile 98-316-X2016001,    Viet Nam,30580,495,330,35,70,100,85,125,100,70,55,120,145,180,1630,40,105,25,35,860,100,110,10,35,190,155,100,80,90,55,85,140,155,780,1500,245,100,60,140,150,105,80,75,115,0,15,2785,245,60,65,90,140,65,70,0,295,790,45,95,250,365,240,125,535,165,0,10,600,35,40,30,25,285,55,230,210,10,465,160,75,265,515,365,20,15,80,50,120,170,120,140,45,330,85,120,120,145,535,35,115,30,410,130,970,235,10,265,45,240,50,415,895,35,375,115,275,60,35,115,40,185,45,55,220,115,260,105,405,430,180,225,85,90,200,90,65,195,15,0,980,550
Immigration and citizenship,Immigrants by selected place of birth,Census Profile 98-316-X2016001,    Other places of birth in Asia,52450,600,460,85,515,610,825,860,675,385,455,55,580,165,670,110,295,165,160,165,180,100,150,125,760,490,505,205,40,95,250,860,475,485,915,100,250,180,560,95,620,190,415,740,375,165,830,235,55,500,375,165,245,350,55,65,270,155,370,855,195,90,280,435,265,45,65,1185,415,205,155,180,155,145,585,75,75,450,600,195,270,130,380,210,730,210,355,1270,555,105,930,270,265,235,155,110,840,95,60,460,120,155,155,300,165,255,615,40,65,230,705,330,500,550,350,495,465,185,85,710,125,100,275,1690,525,355,2070,165,130,715,1345,615,220,750,95,75,135,195,150,975,160
Immigration and citizenship,Immigrants by selected place of birth,Census Profile 98-316-X2016001,  Oceania and other places of birth,3780,20,0,10,85,45,10,30,35,10,30,0,25,20,0,25,0,20,25,0,15,0,25,10,75,15,30,45,25,45,35,10,20,65,10,10,45,10,0,0,10,20,10,30,0,25,35,10,10,0,55,65,20,20,20,10,0,10,10,50,30,10,10,10,25,65,0,45,0,50,70,70,45,10,45,0,10,0,55,30,40,15,20,40,45,30,10,10,60,70,0,0,10,10,20,20,40,15,30,10,40,15,10,10,75,40,80,40,0,20,55,85,10,20,45,20,10,65,10,0,15,15,0,165,20,65,10,0,20,10,50,25,10,75,35,10,30,10,30,20,10